2.3968726;48.8565077;2.373364;48.8437281
2.3807378;48.8490996;2.3464027;48.8679273
2.3277272;48.8347606;2.3064687;48.8718361
2.3474829;48.8654854;2.2996683;48.8729289
2.4058348;48.8470019;2.3329809;48.8680673
2.2952165;48.8907585;2.3219104;48.8775247
2.25929;48.900552;2.2418428;48.8897359
2.2898456;48.8381939;2.2648741;48.8340459
2.2400365;48.8778199;2.3705525;48.8698407
2.2492542;48.8183023;2.2322627;48.891998
2.2972642;48.8796541;2.2801211;48.8250404
2.2651831;48.8429327;2.252119;48.888601
2.2663906;48.8225466;2.3281789;48.84616
2.335017;48.8868789;2.3207188;48.8775837
2.3294907;48.890787;2.284956;48.8933879
2.2280482;48.8288761;2.2943396;48.8841225
2.3959848;48.8478958;2.3693363;48.8527753
2.3072944;48.8571618;2.2518438;48.8351307
2.2334512;48.8318695;2.2328835;48.8769302
2.2915338;48.8359662;2.328243;48.867326
2.2891296;48.8966988;2.33728;48.8759902
2.2989052;48.8599868;2.3722386;48.8427435
2.3574066;48.8743491;2.2796789;48.8372107
2.2488822;48.9029084;2.2388209;48.8270572
2.2941305;48.8980699;2.3057818;48.8672244
2.2747036;48.8540854;2.2923198;48.8347839
2.2471538;48.8760859;2.2860995;48.852152
2.3048183;48.8226958;2.3108069;48.8403524
2.2646669;48.9001198;2.3353917;48.8709753
2.3023607;48.9017831;2.3464027;48.8679273
2.3134683;48.8389535;2.2434329;48.8933992
2.3489926;48.8655576;2.2773373;48.8935675
2.2719484;48.819224;2.25929;48.900552
2.2941509;48.8243983;2.3725518;48.8421388
2.3188641;48.8931786;2.25929;48.900552
2.273842;48.8510733;2.23964;48.884748
2.3252013;48.8532198;2.2487981;48.8321761
2.2494928;48.8952202;2.3114809;48.8732939
2.305705;48.8964628;2.3391199;48.8750792
2.2652219;48.8264483;2.3097323;48.869783
2.310538;48.857641;2.26851;48.884831
2.3438959;48.8455103;2.2465867;48.8905045
2.2459841;48.8949549;2.3444157;48.8792549
2.2493614;48.8927683;2.2635323;48.9028289
2.2246028;48.8679411;2.224195;48.8955014
2.2351167;48.8991284;2.3240245;48.8799704
2.25929;48.900552;2.3176432;48.8718722
2.3272837;48.8815346;2.3262887;48.8806433
2.2408504;48.8784482;2.2393437;48.8970516
2.2499293;48.8758945;2.3479896;48.8709287
2.2370882;48.8996076;2.231397;48.8707802
2.2723936;48.8223191;2.337756;48.8628402
2.3257375;48.8299707;2.3365561;48.8369937
2.266081;48.8925157;2.2336198;48.8260019
2.364964;48.8634693;2.3089499;48.8743418
2.317101;48.8931877;2.2899143;48.8793423
2.3106663;48.8349551;2.3452805;48.8686897
2.3201308;48.9036274;2.2952785;48.8903499
2.3224792;48.8862855;2.2814463;48.8627196
2.3615149;48.8714002;2.3389818;48.8722972
2.2403799;48.8808702;2.3389818;48.8722972
2.2625964;48.8997189;2.271891;48.862044
2.3258324;48.894652;2.3290006;48.8454383
2.2435395;48.8283253;2.2703756;48.8825931
2.363346;48.8565331;2.2959084;48.8916007
2.3056695;48.8983968;2.3630789;48.8527778
2.2191216;48.8882722;2.3036532;48.8654088
2.3987976;48.8578534;2.3436397;48.8602367
2.2097164;48.8859268;2.3522219;48.856614
2.3129134;48.8736191;2.3353873;48.8372728
2.2381492;48.8460044;2.3422957;48.8699195
2.2533596;48.9040118;2.2574664;48.887743
2.3614344;48.8558835;2.3487992;48.8667933
2.2451242;48.900192;2.304191;48.8788414
2.2712473;48.9052939;2.2346455;48.8274709
2.2807592;48.8708529;2.2290152;48.842545
2.3898701;48.850003;2.2418428;48.8897359
2.2957182;48.8782954;2.2478895;48.8345054
2.2703756;48.8825931;2.2811522;48.8299046
2.2292246;48.8737344;2.3210576;48.8335291
2.2928235;48.8361496;2.3314527;48.8649498
2.2521968;48.8941552;2.3343971;48.8667264
2.3287443;48.8546456;2.3374153;48.8692544
2.2343838;48.8749578;2.290037;48.8830441
2.308247;48.8389595;2.3464027;48.8679273
2.3959848;48.8478958;2.2197204;48.8421619
2.285747;48.834293;2.3464027;48.8679273
2.2322968;48.8367441;2.2478283;48.8859723
2.3144612;48.9001514;2.2399123;48.8396952
2.2498207;48.8394671;2.3233484;48.8697815
2.297966;48.881534;2.2465772;48.8398566
2.3022428;48.8863061;2.313651;48.876275
2.3566016;48.8522528;2.3532105;48.8692507
2.2790924;48.8635429;2.23964;48.884748
2.2427787;48.8862203;2.2853718;48.9007588
2.3169578;48.8290977;2.3006284;48.8719755
2.3217075;48.8751667;2.2592756;48.8323189
2.3085074;48.9041425;2.2418428;48.8897359
2.2481635;48.9002109;2.2888204;48.8845249
2.247247;48.8304415;2.3522219;48.856614
2.2352889;48.8973054;2.2891917;48.888818
2.2613273;48.8483463;2.2579745;48.8843377
2.3630115;48.8592562;2.3486315;48.838328
2.2833847;48.9031979;2.2317633;48.8925983
2.2935282;48.8522823;2.3255674;48.8483443
2.294374;48.8951725;2.2418428;48.8897359
2.356498;48.8752115;2.3158477;48.8735798
2.2883824;48.8381069;2.2587634;48.819399
2.25929;48.900552;2.3372256;48.8753693
2.2474183;48.8953691;2.2509172;48.8473435
2.3170968;48.8474683;2.3344584;48.8724066
2.2223284;48.8819759;2.3218073;48.9059967
2.4043138;48.8445714;2.3421826;48.8378064
2.3180996;48.8873405;2.3539077;48.8624117
2.3575747;48.8708017;2.2466548;48.8830106
2.2833983;48.9050795;2.3082499;48.8699516
2.2496253;48.8288432;2.2989136;48.8723284
2.2399775;48.8450723;2.3107325;48.8732695
2.3418477;48.8548217;2.2661069;48.8297239
2.3504879;48.8444597;2.239035;48.8956826
2.3044085;48.8291283;2.3203779;48.8410203
2.2801344;48.898918;2.2827385;48.8647012
2.2919925;48.8922181;2.3000685;48.8715536
2.3357112;48.8234975;2.3208628;48.8547277
2.2716181;48.9040919;2.2782342;48.886593
2.2484698;48.8181255;2.3130498;48.8737145
2.2980117;48.8595075;2.350887;48.8748025
2.3105786;48.8881838;2.335215;48.8763124
2.2665155;48.8597953;2.3437342;48.8640888
2.3195635;48.8938515;2.3450183;48.8773852
2.30194;48.8581895;2.3058156;48.865448
2.2395868;48.8480053;2.3463884;48.8467002
2.2919144;48.8715914;2.3141817;48.8755192
2.302372;48.878058;2.2470696;48.8879473
2.3450183;48.8915062;2.3516598;48.8642038
2.3308857;48.8658659;2.3312622;48.8759551
2.2336247;48.8990759;2.2974549;48.8927465
2.3473637;48.8865787;2.341675;48.8615687
2.3473637;48.8865787;2.341675;48.8615687
2.291661;48.8328938;2.3519986;48.8733198
2.2312642;48.8408685;2.278094;48.8916496
2.3190082;48.8447035;2.3006284;48.8719755
2.3214574;48.8954235;2.3232413;48.8520331
2.3005993;48.8727323;2.2446804;48.8986619
2.3262717;48.8929562;2.2418428;48.8897359
2.305701;48.8314102;2.2395617;48.8776261
2.3680799;48.868509;2.3444307;48.845352
2.2948238;48.8434773;2.3262732;48.869646
2.23254;48.8809426;2.3205574;48.8766124
2.2956697;48.8925938;2.3521383;48.8750025
2.2725117;48.8601273;2.2730316;48.897722
2.2651538;48.8867353;2.3037625;48.8771509
2.3205529;48.8851104;2.2630425;48.8322706
2.3587586;48.864156;2.2585428;48.8339892
2.3741672;48.852716;2.2733471;48.8700464
2.2425553;48.8794692;2.2517515;48.8369797
2.3482725;48.8890799;2.3417222;48.8680736
2.3155491;48.893744;2.3213731;48.8405624
2.2834644;48.9078882;2.3554578;48.8683316
2.27578;48.8859436;2.3265233;48.8430918
2.3680685;48.8711;2.2418428;48.8897359
2.2338281;48.8383718;2.342218;48.8644045
2.281981;48.838601;2.287864;48.893217
2.3172904;48.8834124;2.237913;48.8951772
2.262216;48.8487014;2.3449495;48.8637171
2.3855054;48.8492146;2.3392185;48.8824132
2.2554716;48.8960195;2.3703034;48.8399657
2.3097678;48.8838255;2.2328183;48.8722654
2.2740705;48.8291985;2.2814019;48.8486972
2.3380643;48.8314232;2.3257929;48.8858145
2.4035767;48.8452055;2.2482006;48.8897536
2.2577395;48.8436533;2.276903;48.8506742
2.2314748;48.8995473;2.3017468;48.8850338
2.3079088;48.8697006;2.3856832;48.835455
2.2893466;48.8500352;2.2220258;48.8711063
2.3488935;48.8829014;2.3456389;48.8798615
2.2600093;48.84037;2.2942155;48.8332122
2.2682796;48.8476967;2.3312989;48.8751919
2.2739828;48.8566267;2.2546296;48.8898055
2.3181731;48.8501383;2.2323167;48.872627
2.2344914;48.8990709;2.2790413;48.8516674
2.2614297;48.8238214;2.3584052;48.8613159
2.2700589;48.8229689;2.3465133;48.8708984
2.2816984;48.8579736;2.2758722;48.8579292
2.303928;48.9024057;2.3009149;48.8723063
2.3593507;48.8759389;2.250164;48.888004
2.23964;48.884748;2.23964;48.884748
2.2425553;48.8794692;2.2517515;48.8369797
2.4008153;48.8376631;2.3827966;48.8398714
2.2538336;48.8197953;2.2707823;48.8807216
2.2741613;48.8622113;2.3351762;48.8719683
2.2979586;48.8827509;2.2858494;48.8688017
2.2893011;48.8505416;2.2243901;48.8624699
2.2743419;48.8245306;2.3267826;48.8771131
2.3938318;48.8419331;2.3893466;48.8520222
2.2640689;48.8393649;2.2632304;48.8387126
2.249293;48.8192958;2.2956937;48.8641047
2.3472403;48.8635852;2.2457468;48.8399415
2.3156076;48.9000924;2.3356301;48.8923501
2.3198767;48.8866276;2.3239946;48.8730233
2.3867381;48.8556523;2.3207188;48.8775837
2.3285344;48.8483882;2.33603;48.862926
2.3134515;48.8264911;2.2367594;48.8290677
2.2225756;48.866558;2.3313609;48.8691374
2.2425553;48.8794692;2.2797924;48.897974
2.2902659;48.8425053;2.3408378;48.8737507
2.2770206;48.8445871;2.3418414;48.8732171
2.3430378;48.8752633;2.2228515;48.8882923
2.4031716;48.850134;2.2313898;48.8924183
2.2340039;48.8462589;2.33728;48.8759902
2.3076728;48.840084;2.2261084;48.8962213
2.251396;48.8929697;2.3335966;48.8291665
2.2321754;48.872848;2.3743773;48.8443038
2.3560882;48.8557402;2.3560882;48.8557402
2.2820878;48.866065;2.3244161;48.8510122
2.2549126;48.8338093;2.326033;48.8784146
2.3552624;48.8610016;2.3461532;48.8722916
2.2964978;48.8344157;2.2781668;48.836211
2.3301427;48.9010877;2.2282027;48.8404541
2.230474;48.8361067;2.325355;48.87144
2.3365835;48.8917592;2.3275677;48.8733496
2.3137455;48.8302086;2.2723936;48.8401046
2.2882224;48.8971344;2.28339;48.8543814
2.3098599;48.8375889;2.3044131;48.8688803
2.2855402;48.8372847;2.2855402;48.8372847
2.2344914;48.8990709;2.2813768;48.8533231
2.3263069;48.8846717;2.2629003;48.8283451
2.2787987;48.8451589;2.2743419;48.8245306
2.3033688;48.8988687;2.2412534;48.8408755
2.3250764;48.841619;2.3836608;48.8430134
2.2290314;48.8833544;2.3026617;48.8386287
2.2333503;48.8389816;2.3009149;48.8723063
2.3365296;48.8816578;2.238786;48.841973
2.2669403;48.8522545;2.3351929;48.8689518
2.3838522;48.8548815;2.347435;48.8704448
2.3422544;48.8271714;2.35134;48.8429055
2.3090808;48.9012627;2.2455404;48.8929258
2.3319174;48.8444756;2.2987222;48.8702737
2.3217006;48.8852241;2.306445;48.8763233
2.2632926;48.8379715;2.3192217;48.8576615
2.363661;48.8742845;2.2259596;48.8666323
2.3060586;48.882477;2.295079;48.8528505
2.2888564;48.8970434;2.2450151;48.8398123
2.3822413;48.8536834;2.265687;48.8318048
2.2835006;48.8401664;2.3271952;48.8835876
2.338254;48.8258974;2.3026249;48.8772501
2.2674228;48.8502933;2.3380471;48.8753439
2.2375431;48.8967802;2.3153913;48.8771399
2.3050788;48.8866229;2.351096;48.8754181
2.3416516;48.8418652;2.2979297;48.8755461
2.2361941;48.8816313;2.2883133;48.8668528
2.2448087;48.8939174;2.2487213;48.846029
2.2787248;48.8742915;2.2806106;48.8316292
2.325582;48.8796875;2.2959084;48.8916007
2.2988304;48.8368487;2.23964;48.884748
2.2596056;48.8169515;2.2196267;48.8412302
2.28769;48.880528;2.2451162;48.8817495
2.3401192;48.8782519;2.3057157;48.8613324
2.2659417;48.8799665;2.31848;48.8742606
2.2995416;48.8875795;2.2727832;48.8814424
2.2938503;48.8495862;2.2698678;48.8826308
2.3337086;48.8910787;2.2418428;48.8897359
2.2851033;48.888808;2.2280482;48.8288761
2.3625942;48.8596841;2.2727832;48.8814424
2.244819;48.833986;2.2703756;48.8825931
2.2895851;48.8452989;2.2703756;48.8825931
2.2914077;48.896222;2.307269;48.8694638
2.3335973;48.8873853;2.2694666;48.8328631
2.3084159;48.8923982;2.2718507;48.8816916
2.2931015;48.9096484;2.227733;48.8738645
2.2628092;48.8200901;2.2418428;48.8897359
2.3093962;48.8735716;2.3432133;48.8565815
2.2440652;48.9007868;2.259837;48.8328929
2.2651831;48.8429327;2.2893892;48.8518784
2.2305297;48.8429039;2.302414;48.8714377
2.2804139;48.8598048;2.377666;48.8408937
2.2260806;48.8798451;2.3266446;48.8740012
2.2351167;48.8991284;2.3240245;48.8799704
2.2217634;48.8791012;2.2610077;48.9016854
2.3237627;48.8881881;2.4005155;48.852648
2.283137;48.88529;2.2517515;48.8369797
2.3308698;48.8780866;2.3084527;48.867721
2.2338878;48.8455606;2.3336035;48.8683421
2.3092096;48.8468713;2.2975036;48.872434
2.3594352;48.8590787;2.3348402;48.8698983
2.2383745;48.8876736;2.3114553;48.8475592
2.3230294;48.8315299;2.3516301;48.8632377
2.2680227;48.8552733;2.3024509;48.8755529
2.2918642;48.8314228;2.3106118;48.8749106
2.2892576;48.908883;2.3323564;48.8355894
2.2916882;48.8928701;2.3163852;48.8712628
2.2744814;48.8931405;2.2951823;48.8710817
2.2664654;48.906594;2.3006211;48.8764196
2.2743419;48.8245306;2.3176432;48.8718722
2.3030811;48.8826908;2.2384512;48.8306844
2.2339797;48.8405191;2.3112716;48.8756529
2.2426394;48.8467724;2.22367;48.9004994
2.3331562;48.8829066;2.3062205;48.8711576
2.3122916;48.8357792;2.3320629;48.8518741
2.2951949;48.8402762;2.2418428;48.8897359
2.2422145;48.8272664;2.2736297;48.8398751
2.3636828;48.8663646;2.2806278;48.8890315
2.3536453;48.8618089;2.2569178;48.8310762
2.2616495;48.9087589;2.2855252;48.8873222
2.2543917;48.8353657;2.2313898;48.8924183
2.2485181;48.8190335;2.369787;48.8395454
2.2327038;48.8344294;2.2396611;48.8955904
2.2579134;48.8205866;2.3067487;48.9174078
2.2281411;48.8347785;2.2418428;48.8897359
2.2431522;48.8410016;2.3245716;48.8725798
2.2814622;48.8281368;2.23964;48.884748
2.3635622;48.877228;2.2196267;48.8412302
2.2670547;48.8296011;2.2403465;48.8897003
2.2324495;48.8397992;2.2467188;48.9062146
2.267067;48.8274203;2.2440153;48.8918497
2.2356353;48.8270508;2.2341036;48.8741346
2.229109;48.835261;2.2520195;48.8929648
2.229109;48.835261;2.2520195;48.8929648
2.2653713;48.8854993;2.241237;48.8968479
2.3680707;48.8705986;2.2589281;48.9069299
2.3461045;48.8841479;2.3107874;48.8715176
2.2427835;48.8314915;2.3067856;48.8756651
2.24575;48.8217809;2.2725534;48.8805188
2.3582371;48.8666857;2.2389256;48.8275141
2.2229376;48.8670637;2.2290152;48.842545
2.3109062;48.8382441;2.30602;48.8433523
2.2815846;48.8961347;2.3175592;48.871358
2.2949357;48.8341667;2.2725534;48.8805188
2.3638731;48.8627774;2.238789;48.8954276
2.2405399;48.8823408;2.3423541;48.8698774
2.3337278;48.8818579;2.3203779;48.8410203
2.2754982;48.9115461;2.285524;48.8803666
2.402614;48.8594015;2.2735509;48.8677757
2.306096;48.8806364;2.3224336;48.844069
2.3949068;48.8487471;2.2418428;48.8897359
2.2794407;48.8399094;2.3608663;48.8379275
2.3968434;48.8382367;2.3102671;48.8721693
2.2158902;48.8474265;2.3448136;48.8762933
2.237282;48.8802446;2.25789;48.834385
2.2818079;48.865117;2.287867;48.8702926
2.2550222;48.8908988;2.2743419;48.8245306
2.268783;48.8246409;2.3448136;48.8762933
2.2899386;48.8848024;2.3600166;48.8594312
2.3455148;48.8638451;2.3504701;48.8360879
2.2511156;48.8430278;2.3214745;48.879197
2.2403692;48.8367268;2.3279623;48.8464927
2.2390272;48.8477886;2.3113398;48.9030932
2.2711522;48.8538896;2.3108922;48.88291
2.3743773;48.8443038;2.2767429;48.8535439
2.2502253;48.8431807;2.3258801;48.8736573
2.2436973;48.9001376;2.298669;48.8743188
2.3491843;48.8876309;2.2418428;48.8897359
2.2899618;48.8995215;2.3141941;48.8274172
2.3927894;48.8379327;2.2871455;48.8318257
2.2910242;48.8430882;2.2987094;48.8681785
2.3016402;48.8294388;2.2969899;48.8261408
2.2312559;48.8843656;2.2934386;48.8563586
2.2457892;48.8835273;2.3023175;48.8719234
2.2457892;48.8835273;2.2318346;48.8278377
2.2359654;48.8755465;2.3328658;48.8677882
2.2389758;48.8791749;2.2445551;48.8396889
2.261399;48.9014272;2.2394841;48.836594
2.2461725;48.8225861;2.2806278;48.8890315
2.3016115;48.8840989;2.3398567;48.8494766
2.3000685;48.8458643;2.2418428;48.8897359
2.3226161;48.8865234;2.2770809;48.8807093
2.3410885;48.8848367;2.2135151;48.8862686
2.2669364;48.8297035;2.2691333;48.8824529
2.2369846;48.8290859;2.2396611;48.8955904
2.2717969;48.9027297;2.2982427;48.8837436
2.3352378;48.8873076;2.3454982;48.8713241
2.2862973;48.9075912;2.2971871;48.8601703
2.2714391;48.9127948;2.3111855;48.9043693
2.3191467;48.8900014;2.3318469;48.8674156
2.3873215;48.8494032;2.3067118;48.8736138
2.344193;48.8406024;2.3458494;48.8749486
2.2252505;48.8791716;2.3189237;48.8782417
2.3608223;48.8618258;2.3069956;48.8649748
2.3464315;48.8646012;2.3175608;48.8599462
2.2424581;48.8360029;2.2244534;48.8952309
2.3257798;48.8744431;2.3643089;48.8528847
2.2655909;48.8837308;2.3000331;48.871565
2.3159895;48.8856872;2.3014874;48.8768799
2.2501492;48.8932787;2.3364875;48.8667875
2.2909902;48.8318367;2.383432;48.855398
2.2916043;48.8386319;2.2617628;48.8840163
2.2946578;48.8371309;2.2238059;48.896569
2.3172112;48.8927793;2.250164;48.888004
2.2360591;48.8751141;2.2521968;48.8941552
2.3040771;48.8476767;2.3064352;48.8655595
2.2976145;48.8480955;2.2234606;48.8961157
2.2855436;48.8827712;2.3569452;48.8684965
2.2785313;48.8548492;2.2938262;48.8716559
2.26851;48.884831;2.3315269;48.8695761
2.2212605;48.8490693;2.230738;48.8406645
2.2712615;48.9026031;2.3743773;48.8443038
2.2423186;48.8211768;2.334361;48.865825
2.4031939;48.8455441;2.3047417;48.8740973
2.289851;48.8359845;2.2435595;48.8810423
2.3253297;48.8834668;2.2418428;48.8897359
2.2743419;48.8245306;2.3267826;48.8771131
2.303422;48.8867205;2.2400623;48.8941643
2.2831398;48.8368791;2.2961204;48.8722098
2.2798363;48.8397209;2.2928504;48.8988921
2.3303328;48.9020738;2.2282027;48.8404541
2.3067866;48.9047442;2.2899289;48.8428086
2.2868144;48.8932252;2.3106118;48.8749106
2.3252708;48.8908667;2.2266964;48.8259937
2.3584494;48.864057;2.3213146;48.8678954
2.3280472;48.8495464;2.3445644;48.8686091
2.2956146;48.878558;2.342735;48.8747749
2.2659672;48.8616335;2.2659672;48.8616335
2.2418428;48.8897359;2.347;48.861893
2.2997836;48.9071338;2.4019697;48.8408186
2.2466427;48.8395565;2.2725534;48.8805188
2.3200578;48.8882479;2.305791;48.8661038
2.350574;48.8698601;2.2435595;48.8810423
2.2388312;48.847397;2.2435595;48.8810423
2.3092702;48.8590094;2.3497439;48.8678505
2.311301;48.8867824;2.2827765;48.894489
2.2406;48.8466843;2.310805;48.8740859
2.2422756;48.8798528;2.2986436;48.8750262
2.3421508;48.8348332;2.2418428;48.8897359
2.3930462;48.8452799;2.2470463;48.8227854
2.2664941;48.9012284;2.2733471;48.8700464
2.353465;48.8526103;2.3071945;48.8752522
2.3146107;48.8943778;2.3218035;48.8692193
2.2809545;48.9096086;2.2880871;48.8656378
2.2600986;48.8844421;2.3253462;48.8587768
2.3404963;48.8894091;2.2418428;48.8897359
2.227054;48.84078;2.2666355;48.8823351
2.2439481;48.8187273;2.2324689;48.8876583
2.2459281;48.8245838;2.3503259;48.8545404
2.4055389;48.844013;2.284254;48.878711
2.3354223;48.8488576;2.223226;48.896158
2.2586529;48.8987006;2.3153079;48.8737352
2.227054;48.84078;2.2655636;48.8820436
2.281947;48.836202;2.3831837;48.8545586
2.2742976;48.8628984;2.2683995;48.8929949
2.3032749;48.8526361;2.3743773;48.8443038
2.2549627;48.8230698;2.3227511;48.8743906
2.2834636;48.8655501;2.2978036;48.8723572
2.2454005;48.90708;2.3306131;48.8513355
2.2729626;48.8285659;2.2723936;48.8401046
2.2818091;48.8364;2.2440944;48.8909362
2.2646032;48.8945661;2.2280482;48.8288761
2.2726749;48.8228836;2.2313898;48.8924183
2.3086293;48.8332765;2.34401;48.8640267
2.3202062;48.8927187;2.3341638;48.8821238
2.3261959;48.8425749;2.3148592;48.8732656
2.2939152;48.8851301;2.2911414;48.8985183
2.3179117;48.8899661;2.281788;48.8457236
2.2689617;48.9098662;2.3481125;48.8738538
2.2639913;48.8392395;2.3396261;48.8756388
2.3203779;48.8410203;2.2374359;48.8366778
2.3113316;48.8734359;2.3767007;48.8468268
2.3850483;48.8503476;2.3365939;48.8697331
2.282702;48.8907702;2.3118763;48.8450911
2.2868311;48.8772346;2.2942155;48.8332122
2.2991132;48.9043302;2.3054698;48.8654044
2.3224095;48.8538813;2.2769965;48.8924476
2.4022333;48.8373313;2.3208222;48.8566109
2.3051428;48.8702034;2.3534788;48.8492975
2.2577224;48.8373862;2.3569508;48.8719366
2.225476;48.821232;2.2693537;48.8826127
2.2958594;48.8432061;2.3390045;48.8734841
2.3531752;48.870313;2.3214854;48.8742338
2.2881666;48.8660002;2.280339;48.897236
2.2526586;48.8318039;2.2655636;48.8820436
2.3407743;48.8799636;2.2234606;48.8961157
2.2673165;48.8494815;2.3301061;48.8771043
2.350307;48.8681402;2.3097852;48.8740359
2.3082279;48.8874754;2.2183843;48.900236
2.2757113;48.8845749;2.2744603;48.8811892
2.2834751;48.8964183;2.246833;48.892303
2.278765;48.8293988;2.3457037;48.871047
2.3311504;48.8271665;2.2764883;48.8686784
2.3492927;48.8894606;2.3080352;48.8666327
2.2336788;48.835757;2.3486269;48.8365132
2.3749622;48.8358706;2.3476895;48.8696
2.3274828;48.8339576;2.2987615;48.8755934
2.2309072;48.8393782;2.3233236;48.8725172
2.3812957;48.8403995;2.3175697;48.8548011
2.2698864;48.9054246;2.3026617;48.8386287
2.2410179;48.8794185;2.3533061;48.8574612
2.3227978;48.8810421;2.252119;48.888601
2.3517941;48.8363047;2.373364;48.8437281
2.2672251;48.8420433;2.3105374;48.876608
2.3576267;48.8634092;2.3122623;48.8734553
2.3750522;48.8524167;2.2701142;48.8613002
2.2292844;48.8864728;2.3227294;48.8876653
2.3493297;48.8438684;2.2826917;48.8374777
2.2970463;48.9128292;2.2874321;48.8864547
2.3522219;48.856614;2.3522219;48.856614
2.2999075;48.8830345;2.2391142;48.8935167
2.3415795;48.8833314;2.3745816;48.8527201
2.2519213;48.8985022;2.2774869;48.8302971
2.2355221;48.8992567;2.3321242;48.8759137
2.395581;48.8575995;2.3576872;48.8723101
2.3879626;48.8506162;2.3658326;48.868437
2.2643507;48.8565012;2.2903847;48.8771084
2.2157986;48.8644282;2.3305392;48.8699728
2.311359;48.9106663;2.3287391;48.869564
2.3248166;48.8403957;2.3522219;48.856614
2.3496404;48.8575563;2.2398053;48.896151
2.28483;48.8634784;2.2524152;48.8880732
2.2801825;48.85587;2.3190451;48.8718478
2.406124;48.8408825;2.3339483;48.8990824
2.3079182;48.8581507;2.2313898;48.8924183
2.366507;48.8686199;2.2729455;48.8575148
2.2508275;48.8933387;2.3381685;48.8639089
2.2568583;48.8323283;2.2666355;48.8823351
2.2853457;48.863738;2.2571809;48.8344282
2.2543769;48.8099708;2.3795132;48.8506694
2.3606537;48.870628;2.3057277;48.8998019
2.3625738;48.8723653;2.3389818;48.8722972
2.3498896;48.8858396;2.2249355;48.8993721
2.3496382;48.8732697;2.2440985;48.8877875
2.3452238;48.8739029;2.3055627;48.8562991
2.2947157;48.8341355;2.2314546;48.8780568
2.3207166;48.8904715;2.291509;48.8173441
2.3970496;48.8571569;2.3622691;48.8766369
2.3275568;48.886969;2.2288713;48.8727035
2.3536743;48.8603037;2.3531301;48.8784363
2.2911392;48.8678961;2.23964;48.884748
2.4085331;48.83569;2.2523646;48.8877726
2.3259116;48.8477116;2.3588636;48.8694142
2.2854915;48.8666494;2.2235903;48.8999691
2.3641093;48.8645358;2.2511734;48.8283488
2.3167549;48.888565;2.3658326;48.868437
2.383132;48.8557155;2.2726896;48.8344667
2.3624072;48.8558014;2.3032003;48.8804945
2.3159022;48.8857769;2.2822896;48.8879605
2.2944921;48.8331605;2.3133763;48.9016955
2.3734819;48.8501175;2.3553137;48.8809481
2.2237736;48.8827982;2.3283854;48.8780634
2.327434;48.8924307;2.2882407;48.8879996
2.2878008;48.891495;2.2442652;48.891884
2.2414133;48.8423322;2.2509199;48.886914
2.3132904;48.8470996;2.2967449;48.8918854
2.3013717;48.8430331;2.3039689;48.899091
2.2513189;48.8357029;2.3348939;48.8702995
2.2356353;48.8270508;2.285428;48.8974583
2.3397118;48.8491427;2.3752562;48.8413262
2.3395471;48.8839345;2.3385758;48.8548242
2.3133763;48.9016955;2.2909435;48.8901983
2.3783647;48.8481957;2.2435595;48.8810423
2.2947524;48.8428282;2.30742;48.8775926
2.2717968;48.9032755;2.3225299;48.874174
2.2228831;48.8857819;2.3214745;48.879197
2.4103287;48.8531796;2.3271577;48.8668814
2.3938318;48.8419331;2.3240654;48.8498987
2.2867082;48.8396414;2.2445852;48.8805363
2.252464;48.8760789;2.3445759;48.8682254
2.2557179;48.894434;2.3722386;48.8427435
2.350445;48.8409572;2.2990614;48.8941938
2.3291954;48.8791352;2.3440633;48.8706488
2.3078928;48.8871152;2.2581945;48.8317298
2.3667503;48.8722283;2.2607947;48.8341293
2.297066;48.8957739;2.2938262;48.8716559
2.3518529;48.8379608;2.24167;48.8928498
2.2307737;48.9090882;2.2307737;48.9090882
2.3463802;48.8383111;2.2581489;48.8858631
2.3575741;48.8683871;2.3050612;48.8744143
2.3981848;48.8534072;2.2418428;48.8897359
2.3486568;48.8745903;2.2336198;48.8260019
2.3325223;48.8338632;2.250164;48.888004
2.3335852;48.8844375;2.3700512;48.854229
2.4109521;48.858015;2.2931738;48.9091701
2.3463364;48.8911905;2.3422957;48.8699195
2.3154548;48.8412661;2.3020832;48.8695421
2.3630419;48.8542672;2.23964;48.884748
2.272133;48.8502474;2.3124904;48.8705984
2.3024315;48.8885185;2.2293465;48.8720522
2.287864;48.893217;2.3353873;48.8372728
2.4006048;48.8531961;2.3199973;48.8415858
2.3466494;48.888305;2.2789211;48.8685537
2.3333594;48.865971;2.3518354;48.8673784
2.3437371;48.8910351;2.2879805;48.8982948
2.3350849;48.8896018;2.2942195;48.8711452
2.308137;48.828961;2.2788689;48.8433454
2.2968844;48.880849;2.252119;48.888601
2.3236496;48.8476849;2.239752;48.8252
2.3324198;48.8820213;2.2782363;48.8525273
2.3602133;48.8569175;2.2782363;48.8525273
2.2917007;48.8486579;2.2569178;48.8310762
2.315667;48.8741896;2.2924863;48.8543204
2.3870045;48.8409623;2.3337369;48.8777718
2.3466479;48.8378697;2.2728394;48.8597626
2.3315731;48.8677899;2.3031824;48.8405244
2.2672369;48.8228807;2.2822428;48.8485543
2.3811039;48.8557197;2.2840443;48.8951883
2.2871455;48.8318257;2.2383609;48.8270333
2.3943283;48.8560491;2.2307737;48.9090882
2.2793484;48.8094323;2.2598115;48.8226127
2.2453674;48.8355833;2.3349376;48.8632344
2.3430965;48.8895441;2.337875;48.8691732
2.2329049;48.8348828;2.3078077;48.8669561
2.345351;48.8449797;2.3107963;48.8718904
2.3786424;48.8539175;2.3032003;48.8804945
2.3490601;48.8608678;2.2634076;48.8279229
2.3853648;48.842465;2.2310003;48.8923884
2.3007391;48.8191032;2.3693363;48.8527753
2.294262;48.8810142;2.2418428;48.8897359
2.3761381;48.8532209;2.23964;48.884748
2.3171353;48.8899544;2.3364625;48.8697197
2.2519344;48.8192185;2.3522219;48.856614
2.2845064;48.8893888;2.3293456;48.8675839
2.2177474;48.8681018;2.2999132;48.8601332
2.3262311;48.827221;2.3261165;48.8731823
2.3416516;48.8418652;2.3464027;48.8679273
2.215331;48.892423;2.3372805;48.8821898
2.3180417;48.8472019;2.3485721;48.8714445
2.2376122;48.8433606;2.3519986;48.8733198
2.3949068;48.8487471;2.2418428;48.8897359
2.28918;48.8370378;2.3227511;48.8743906
2.3544977;48.8645869;2.304652;48.9036307
2.3732092;48.8536425;2.3770923;48.8467892
2.355951;48.8675774;2.2262985;48.8990625
2.2251613;48.8818723;2.3506369;48.8808684
2.2246386;48.8831593;2.2948528;48.8778071
2.2579134;48.8205866;2.2853394;48.8611772
2.3452132;48.8353489;2.2725534;48.8805188
2.3636606;48.8430129;2.2835718;48.8996725
2.2666905;48.9005478;2.2775526;48.8940003
2.2903532;48.8447203;2.2146269;48.8985432
2.2471756;48.8263429;2.2597834;48.8219295
2.3929385;48.8426289;2.2951871;48.8918953
2.3775918;48.8338944;2.3209337;48.8700401
2.3638452;48.8528355;2.3131152;48.8701817
2.3328719;48.8854961;2.3055915;48.8769918
2.3600918;48.8636388;2.2484746;48.8915576
2.2867082;48.8396414;2.2465742;48.8935401
2.3165549;48.8254215;2.2909585;48.8746763
2.2944813;48.8583701;2.2743419;48.8245306
2.2992387;48.8489933;2.3512678;48.8691924
